id,page_number,column,ad_type,layout
1,100,6,15단통,"[[0, 0, 6, 15, ""광고_15단통""]]"
2,101,6,15단통,"[[0, 0, 6, 15, ""광고_15단통""]]"
3,100,6,3단통,"[[0, 0, 3, 12], [3, 0, 3, 12], [0, 12, 6, 3, ""광고_3단통""]]"
4,101,6,3단통,"[[0, 0, 3, 12], [3, 0, 3, 12], [0, 12, 6, 3, ""광고_3단통""]]"
5,100,6,3단통,"[[0, 0, 3, 12], [3, 0, 3, 3], [3, 3, 3, 3], [3, 6, 3, 3], [3, 9, 3, 3], [0, 12, 6, 3, ""광고_3단통""]]"
6,101,6,3단통,"[[0, 0, 3, 12], [3, 0, 3, 3], [3, 3, 3, 3], [3, 6, 3, 3], [3, 9, 3, 3], [0, 12, 6, 3, ""광고_3단통""]]"
7,100,6,3단통,"[[0, 0, 3, 7], [3, 0, 3, 7], [0, 7, 3, 5], [3, 7, 3, 5], [0, 12, 6, 3, ""광고_3단통""]]"
8,101,6,3단통,"[[0, 0, 3, 7], [3, 0, 3, 7], [0, 7, 3, 5], [3, 7, 3, 5], [0, 12, 6, 3, ""광고_3단통""]]"
9,100,7,3단통,"[[0, 0, 4, 12], [4, 0, 3, 5], [4, 5, 3, 3], [4, 8, 3, 4], [0, 12, 7, 3, ""광고_3단통""]]"
10,101,7,3단통,"[[0, 0, 4, 12], [4, 0, 3, 5], [4, 5, 3, 3], [4, 8, 3, 4], [0, 12, 7, 3, ""광고_3단통""]]"
11,100,6,3단통,"[[0, 0, 4, 7], [4, 0, 2, 7], [0, 7, 4, 5], [4, 7, 2, 5], [0, 12, 6, 3, ""광고_3단통""]]"
12,101,6,3단통,"[[0, 0, 4, 7], [4, 0, 2, 7], [0, 7, 4, 5], [4, 7, 2, 5], [0, 12, 6, 3, ""광고_3단통""]]"
13,100,7,3단통,"[[0, 0, 4, 8], [4, 0, 3, 8], [0, 8, 4, 4], [4, 8, 3, 4], [0, 12, 7, 3, ""광고_3단통""]]"
14,101,7,3단통,"[[0, 0, 4, 8], [4, 0, 3, 8], [0, 8, 4, 4], [4, 8, 3, 4], [0, 12, 7, 3, ""광고_3단통""]]"
15,100,7,3단통,"[[0, 0, 5, 12], [5, 0, 2, 6], [5, 6, 2, 6], [0, 12, 7, 3, ""광고_3단통""]]"
16,101,7,3단통,"[[0, 0, 5, 12], [5, 0, 2, 6], [5, 6, 2, 6], [0, 12, 7, 3, ""광고_3단통""]]"
17,100,6,3단통,"[[0, 0, 5, 7], [5, 0, 1, 7], [0, 7, 3, 5], [3, 7, 3, 5], [0, 12, 6, 3, ""광고_3단통""]]"
18,101,6,3단통,"[[0, 0, 5, 7], [5, 0, 1, 7], [0, 7, 3, 5], [3, 7, 3, 5], [0, 12, 6, 3, ""광고_3단통""]]"
19,100,7,3단통,"[[0, 0, 5, 7], [5, 0, 2, 5], [5, 5, 2, 4], [0, 7, 2, 5], [2, 7, 3, 5], [5, 9, 2, 3], [0, 12, 7, 3, ""광고_3단통""]]"
20,100,7,3단통,"[[0, 0, 5, 7], [5, 0, 2, 5], [5, 5, 2, 4], [0, 7, 5, 5], [5, 9, 2, 3], [0, 12, 7, 3, ""광고_3단통""]]"
21,101,7,3단통,"[[0, 0, 5, 7], [5, 0, 2, 5], [5, 5, 2, 4], [0, 7, 5, 5], [5, 9, 2, 3], [0, 12, 7, 3, ""광고_3단통""]]"
22,101,7,3단통,"[[0, 0, 5, 7], [5, 0, 2, 5], [5, 5, 2, 5], [0, 7, 2, 5], [2, 7, 3, 5], [5, 10, 2, 3], [0, 12, 7, 3, ""광고_3단통""]]"
23,100,6,3단통,"[[0, 0, 6, 7], [0, 7, 2, 5], [2, 7, 2, 5], [4, 7, 2, 5], [0, 12, 6, 3, ""광고_3단통""]]"
24,101,6,3단통,"[[0, 0, 6, 7], [0, 7, 2, 5], [2, 7, 2, 5], [4, 7, 2, 5], [0, 12, 6, 3, ""광고_3단통""]]"
25,100,6,3단통,"[[0, 0, 6, 7], [0, 7, 6, 5], [0, 12, 6, 3, ""광고_3단통""]]"
26,101,6,3단통,"[[0, 0, 6, 7], [0, 7, 6, 5], [0, 12, 6, 3, ""광고_3단통""]]"
27,100,7,3단통,"[[0, 0, 7, 12], [0, 12, 7, 3, ""광고_3단통""]]"
28,101,7,3단통,"[[0, 0, 7, 12], [0, 12, 7, 3, ""광고_3단통""]]"
29,100,7,3단통,"[[0, 0, 7, 7], [0, 7, 5, 5], [5, 7, 2, 5], [0, 12, 7, 3, ""광고_3단통""]]"
30,101,7,3단통,"[[0, 0, 7, 7], [0, 7, 5, 5], [5, 7, 2, 5], [0, 12, 7, 3, ""광고_3단통""]]"
31,100,7,3단통,"[[0, 0, 7, 7], [0, 7, 7, 5], [0, 12, 7, 3, ""광고_3단통""]]"
32,101,7,3단통,"[[0, 0, 7, 7], [0, 7, 7, 5], [0, 12, 7, 3, ""광고_3단통""]]"
33,100,7,4단통,"[[0, 0, 4, 4], [4, 0, 3, 4], [0, 4, 4, 4], [4, 4, 3, 3], [4, 7, 3, 4], [0, 8, 4, 3], [0, 11, 7, 4, ""광고_4단통""]]"
34,101,7,4단통,"[[0, 0, 4, 4], [4, 0, 3, 4], [0, 4, 4, 4], [4, 4, 3, 3], [4, 7, 3, 4], [0, 8, 4, 3], [0, 11, 7, 4, ""광고_4단통""]]"
35,100,7,4단통,"[[0, 0, 4, 6], [4, 0, 3, 3], [4, 3, 3, 3], [0, 6, 2, 5], [2, 6, 2, 5], [4, 6, 3, 3], [4, 9, 3, 2], [0, 11, 7, 4, ""광고_4단통""]]"
36,101,7,4단통,"[[0, 0, 4, 6], [4, 0, 3, 3], [4, 3, 3, 3], [0, 6, 2, 5], [2, 6, 2, 5], [4, 6, 3, 3], [4, 9, 3, 2], [0, 11, 7, 4, ""광고_4단통""]]"
37,100,7,4단통,"[[0, 0, 5, 5], [5, 0, 2, 4], [5, 4, 2, 4], [0, 5, 5, 3], [0, 8, 5, 3], [5, 8, 2, 3], [0, 11, 7, 4, ""광고_4단통""]]"
38,101,7,4단통,"[[0, 0, 5, 5], [5, 0, 2, 4], [5, 4, 2, 4], [0, 5, 5, 3], [0, 8, 5, 3], [5, 8, 2, 3], [0, 11, 7, 4, ""광고_4단통""]]"
39,100,7,4단통,"[[0, 0, 5, 6], [5, 0, 2, 5], [5, 5, 2, 6], [0, 6, 3, 5], [3, 6, 2, 5], [0, 11, 7, 4, ""광고_4단통""]]"
40,101,7,4단통,"[[0, 0, 5, 6], [5, 0, 2, 5], [5, 5, 2, 6], [0, 6, 3, 5], [3, 6, 2, 5], [0, 11, 7, 4, ""광고_4단통""]]"
41,100,7,4단통,"[[0, 0, 5, 6], [5, 0, 2, 6], [0, 6, 5, 5], [5, 6, 2, 5], [0, 11, 7, 4, ""광고_4단통""]]"
42,101,7,4단통,"[[0, 0, 5, 6], [5, 0, 2, 6], [0, 6, 5, 5], [5, 6, 2, 5], [0, 11, 7, 4, ""광고_4단통""]]"
43,1,6,4단통,"[[0, 1, 3, 6], [3, 1, 3, 4], [3, 5, 3, 6], [0, 7, 3, 4], [0, 11, 6, 4, ""광고_4단통""]]"
44,1,6,4단통,"[[0, 1, 4, 4], [4, 1, 2, 6], [0, 5, 4, 3], [4, 7, 2, 4], [0, 8, 4, 3], [0, 11, 6, 4, ""광고_4단통""]]"
45,1,6,4단통,"[[0, 1, 4, 5], [4, 1, 2, 5], [0, 6, 2, 5], [2, 6, 2, 5], [4, 6, 2, 5], [0, 11, 6, 4, ""광고_4단통""]]"
46,1,7,4단통,"[[0, 1, 4, 5], [4, 1, 3, 6], [0, 6, 4, 5], [4, 7, 3, 4], [0, 11, 7, 4, ""광고_4단통""]]"
47,1,7,4단통,"[[0, 1, 4, 6], [4, 1, 3, 4], [4, 5, 3, 3], [0, 7, 2, 4], [2, 7, 2, 4], [4, 8, 3, 3], [0, 11, 7, 4, ""광고_4단통""]]"
48,1,6,4단통,"[[0, 1, 4, 7], [4, 1, 2, 5], [4, 6, 2, 5], [0, 8, 4, 3], [0, 11, 6, 4, ""광고_4단통""]]"
49,1,7,4단통,"[[0, 1, 5, 5], [5, 1, 2, 5], [0, 6, 3, 5], [3, 6, 2, 5], [5, 6, 2, 5], [0, 11, 7, 4, ""광고_4단통""]]"
50,1,7,4단통,"[[0, 1, 5, 5], [5, 1, 2, 5], [0, 6, 5, 3], [5, 6, 2, 5], [0, 9, 5, 2], [0, 11, 7, 4, ""광고_4단통""]]"
51,1,7,4단통,"[[0, 1, 7, 5], [0, 6, 5, 5], [5, 6, 2, 5], [0, 11, 7, 4, ""광고_4단통""]]"
52,100,6,5단통,"[[0, 0, 3, 10], [3, 0, 3, 10], [0, 10, 6, 5, ""광고_5단통""]]"
53,101,6,5단통,"[[0, 0, 3, 10], [3, 0, 3, 10], [0, 10, 6, 5, ""광고_5단통""]]"
54,100,6,5단통,"[[0, 0, 3, 3], [3, 0, 3, 3], [0, 3, 3, 4], [3, 3, 3, 4], [0, 7, 3, 3], [3, 7, 3, 3], [0, 10, 6, 5, ""광고_5단통""]]"
55,101,6,5단통,"[[0, 0, 3, 3], [3, 0, 3, 3], [0, 3, 3, 4], [3, 3, 3, 4], [0, 7, 3, 3], [3, 7, 3, 3], [0, 10, 6, 5, ""광고_5단통""]]"
56,100,6,5단통,"[[0, 0, 3, 4], [3, 0, 3, 4], [0, 4, 3, 3], [3, 4, 3, 3], [0, 7, 3, 3], [3, 7, 3, 3], [0, 10, 6, 5, ""광고_5단통""]]"
57,100,6,5단통,"[[0, 0, 3, 5], [3, 0, 3, 5], [0, 5, 3, 5], [3, 5, 3, 5], [0, 10, 6, 5, ""광고_5단통""]]"
58,101,6,5단통,"[[0, 0, 3, 5], [3, 0, 3, 5], [0, 5, 3, 5], [3, 5, 3, 5], [0, 10, 6, 5, ""광고_5단통""]]"
59,100,7,5단통,"[[0, 0, 4, 10], [4, 0, 3, 4], [4, 4, 3, 3], [4, 7, 3, 3], [0, 10, 7, 5, ""광고_5단통""]]"
60,101,7,5단통,"[[0, 0, 4, 10], [4, 0, 3, 4], [4, 4, 3, 3], [4, 7, 3, 3], [0, 10, 7, 5, ""광고_5단통""]]"
61,22,6,5단통,"[[0, 0, 4, 5, ""기고"", ""extend_2""], [4, 0, 2, 10, ""사설""], [0, 5, 4, 5, ""기고"", ""push_2""], [0, 10, 6, 5, ""광고_5단통""]]"
62,23,6,5단통,"[[0, 0, 4, 5, ""기고""], [4, 0, 2, 10, ""사설""], [0, 5, 4, 5, ""기고""], [0, 10, 6, 5, ""광고_5단통""]]"
63,22,6,5단통,"[[0, 0, 4, 6, ""기고""], [4, 0, 2, 10, ""사설""], [0, 6, 4, 4, ""기고""], [0, 10, 6, 5, ""광고_5단통""]]"
64,23,6,5단통,"[[0, 0, 4, 6, ""기고""], [4, 0, 2, 10, ""사설""], [0, 6, 4, 4, ""기고""], [0, 10, 6, 5, ""광고_5단통""]]"
65,2,7,5단통,"[[0, 0, 4, 7], [4, 0, 3, 4], [4, 4, 3, 3], [0, 7, 2, 3], [2, 7, 5, 3], [0, 10, 7, 5, ""광고_5단통""]]"
66,100,7,5단통,"[[0, 0, 4, 7], [4, 0, 3, 4], [4, 4, 3, 3], [0, 7, 2, 3], [2, 7, 5, 3], [0, 10, 7, 5, ""광고_5단통""]]"
67,101,7,5단통,"[[0, 0, 4, 7], [4, 0, 3, 4], [4, 4, 3, 3], [0, 7, 2, 3], [2, 7, 5, 3], [0, 10, 7, 5, ""광고_5단통""]]"
68,100,6,5단통,"[[0, 0, 5, 5], [5, 0, 1, 5], [0, 5, 3, 5], [3, 5, 3, 3], [6, 5, 1, 5], [3, 8, 3, 2], [0, 10, 6, 5, ""광고_5단통""]]"
69,101,6,5단통,"[[0, 0, 5, 5], [5, 0, 1, 5], [0, 5, 3, 5], [3, 5, 3, 3], [6, 5, 1, 5], [3, 8, 3, 2], [0, 10, 6, 5, ""광고_5단통""]]"
70,100,7,5단통,"[[0, 0, 5, 5], [5, 0, 2, 5], [0, 5, 3, 5], [3, 5, 3, 3], [6, 5, 1, 5], [3, 8, 3, 2], [0, 10, 7, 5, ""광고_5단통""]]"
71,101,7,5단통,"[[0, 0, 5, 5], [5, 0, 2, 5], [0, 5, 3, 5], [3, 5, 3, 3], [6, 5, 1, 5], [3, 8, 3, 2], [0, 10, 7, 5, ""광고_5단통""]]"
72,22,6,5단통,"[[0, 0, 6, 4], [0, 4, 3, 6], [3, 4, 3, 6], [0, 10, 6, 5, ""광고_5단통""]]"
73,23,6,5단통,"[[0, 0, 6, 4], [0, 4, 3, 6], [3, 4, 3, 6], [0, 10, 6, 5, ""광고_5단통""]]"
74,23,6,5단통,"[[0, 0, 6, 4], [0, 4, 4, 6], [4, 4, 2, 6], [0, 10, 6, 5, ""광고_5단통""]]"
75,2,7,5단통,"[[0, 0, 7, 10], [0, 7, 2, 3], [0, 10, 7, 5, ""광고_5단통""]]"
76,100,7,5단통,"[[0, 0, 7, 10], [0, 7, 2, 3], [0, 10, 7, 5, ""광고_5단통""]]"
77,101,7,5단통,"[[0, 0, 7, 10], [0, 7, 2, 3], [0, 10, 7, 5, ""광고_5단통""]]"
78,2,7,5단통,"[[0, 0, 7, 4], [0, 4, 3, 3], [3, 4, 2, 3], [5, 4, 2, 3], [0, 7, 2, 3], [2, 7, 3, 3], [5, 7, 2, 3], [0, 10, 7, 5, ""광고_5단통""]]"
79,100,7,5단통,"[[0, 0, 7, 4], [0, 4, 3, 3], [3, 4, 2, 3], [5, 4, 2, 3], [0, 7, 2, 3], [2, 7, 3, 3], [5, 7, 2, 3], [0, 10, 7, 5, ""광고_5단통""]]"
80,101,7,5단통,"[[0, 0, 7, 4], [0, 4, 3, 3], [3, 4, 2, 3], [5, 4, 2, 3], [0, 7, 2, 3], [2, 7, 3, 3], [5, 7, 2, 3], [0, 10, 7, 5, ""광고_5단통""]]"
81,1,6,5단통,"[[0, 1, 3, 3], [3, 1, 3, 4], [0, 4, 3, 4], [3, 5, 3, 5], [0, 8, 3, 2], [0, 10, 6, 5, ""광고_5단통""]]"
82,1,6,5단통,"[[0, 1, 3, 6], [3, 1, 3, 5], [3, 6, 3, 4], [0, 7, 3, 3], [0, 10, 6, 5, ""광고_5단통""]]"
83,1,6,5단통,"[[0, 1, 4, 4], [4, 1, 2, 5], [0, 5, 4, 5], [2, 5, 2, 5], [4, 6, 2, 4], [0, 10, 6, 5, ""광고_5단통""]]"
84,1,6,5단통,"[[0, 1, 4, 5], [4, 1, 2, 5], [0, 6, 2, 4], [2, 6, 2, 4], [4, 6, 2, 4], [0, 10, 6, 5, ""광고_5단통""]]"
85,1,6,5단통,"[[0, 1, 4, 5], [4, 1, 2, 5], [0, 6, 3, 5], [3, 6, 1, 5], [4, 6, 2, 5], [0, 10, 6, 5, ""광고_5단통""]]"
86,1,6,5단통,"[[0, 1, 4, 6], [4, 1, 2, 5], [4, 6, 2, 4], [0, 7, 4, 3], [0, 10, 6, 5, ""광고_5단통""]]"
87,1,7,5단통,"[[0, 1, 4, 6], [4, 1, 3, 5], [4, 6, 3, 4], [0, 7, 4, 3], [0, 10, 7, 5, ""광고_5단통""]]"
88,1,7,5단통,"[[0, 1, 4, 6], [4, 1, 3, 6], [0, 7, 7, 3], [0, 10, 7, 5, ""광고_5단통""]]"
89,1,7,5단통,"[[0, 1, 5, 3], [5, 1, 2, 5], [0, 4, 5, 3], [5, 6, 2, 4], [0, 7, 3, 3], [3, 7, 2, 3], [0, 10, 7, 5, ""광고_5단통""]]"
90,1,6,5단통,"[[0, 1, 5, 6], [5, 1, 1, 9], [0, 7, 5, 3], [0, 10, 6, 5, ""광고_5단통""]]"
91,1,7,5단통,"[[0, 1, 5, 6], [5, 1, 2, 6], [0, 7, 5, 3], [5, 7, 2, 3], [0, 10, 7, 5, ""광고_5단통""]]"
92,1,7,5단통,"[[0, 1, 5, 6], [5, 1, 2, 6], [0, 7, 7, 3], [0, 10, 7, 5, ""광고_5단통""]]"
93,1,7,5단통,"[[0, 1, 5, 6], [5, 1, 2, 9], [0, 7, 5, 3], [0, 10, 7, 5, ""광고_5단통""]]"
94,100,7,6단통,"[[0, 0, 4, 4], [4, 0, 3, 3], [4, 3, 3, 3], [0, 4, 4, 3], [4, 6, 3, 3], [0, 7, 4, 2], [0, 9, 7, 6, ""광고_6단통""]]"
95,101,7,6단통,"[[0, 0, 4, 4], [4, 0, 3, 3], [4, 3, 3, 3], [0, 4, 4, 3], [4, 6, 3, 3], [0, 7, 4, 2], [0, 9, 7, 6, ""광고_6단통""]]"
96,100,7,6단통,"[[0, 0, 4, 5], [4, 0, 3, 4], [4, 4, 3, 5], [0, 5, 4, 2], [0, 7, 4, 2], [0, 9, 7, 6, ""광고_6단통""]]"
97,101,7,6단통,"[[0, 0, 4, 5], [4, 0, 3, 4], [4, 4, 3, 5], [0, 5, 4, 2], [0, 7, 4, 2], [0, 9, 7, 6, ""광고_6단통""]]"
98,100,7,6단통,"[[0, 0, 5, 4], [5, 0, 2, 3], [5, 3, 2, 3], [0, 4, 5, 3], [5, 6, 2, 3], [0, 7, 5, 2], [0, 9, 7, 6, ""광고_6단통""]]"
99,101,7,6단통,"[[0, 0, 5, 4], [5, 0, 2, 3], [5, 3, 2, 3], [0, 4, 5, 3], [5, 6, 2, 3], [0, 7, 5, 2], [0, 9, 7, 6, ""광고_6단통""]]"
100,100,7,6단통,"[[0, 0, 5, 5], [5, 0, 2, 5], [0, 5, 5, 2], [5, 5, 2, 4], [0, 7, 5, 2], [0, 9, 7, 6, ""광고_6단통""]]"
101,101,7,6단통,"[[0, 0, 5, 5], [5, 0, 2, 5], [0, 5, 5, 2], [5, 5, 2, 4], [0, 7, 5, 2], [0, 9, 7, 6, ""광고_6단통""]]"
102,101,7,7단15_홀,"[[0, 0, 4, 5], [4, 0, 3, 5], [0, 5, 4, 3], [4, 5, 3, 3], [0, 8, 4, 3], [0, 11, 4, 2], [0, 13, 4, 2], [4, 8, 3, 7, ""광고_7단15_홀""]]"
103,100,7,7단15_짝,"[[0, 0, 4, 5], [4, 0, 3, 5], [0, 5, 4, 3], [4, 5, 3, 3], [3, 8, 1, 7], [4, 8, 3, 4], [4, 12, 3, 3], [0, 8, 3, 7, ""광고_7단15_짝""]]"
104,101,7,7단15_홀,"[[0, 0, 4, 7], [4, 0, 3, 4], [4, 4, 3, 4], [0, 7, 4, 3], [0, 10, 4, 3], [0, 13, 4, 2], [4, 8, 3, 7, ""광고_7단15_홀""]]"
105,100,7,7단15_짝,"[[0, 0, 5, 5], [5, 0, 2, 8], [0, 5, 5, 3], [3, 8, 2, 3], [5, 8, 2, 3], [3, 11, 2, 4], [5, 11, 2, 4], [0, 8, 3, 7, ""광고_7단15_짝""]]"
106,100,7,7단15_짝,"[[0, 0, 5, 8], [5, 0, 2, 8], [3, 8, 4, 3], [3, 11, 4, 4], [0, 8, 3, 7, ""광고_7단15_짝""]]"
107,100,7,7단15_짝,"[[0, 0, 7, 8], [3, 8, 4, 3], [3, 11, 4, 4], [0, 8, 3, 7, ""광고_7단15_짝""]]"
108,1,7,7단15,"[[0, 1, 4, 4], [4, 1, 3, 4], [0, 5, 4, 3], [4, 5, 3, 3], [0, 8, 2, 5], [2, 8, 2, 5], [0, 13, 4, 2], [4, 8, 3, 7, ""광고_7단15""]]"
109,1,7,7단15,"[[0, 1, 4, 4], [4, 1, 3, 4], [0, 5, 4, 4], [4, 5, 3, 3], [0, 9, 4, 3], [0, 12, 4, 3], [4, 8, 3, 7, ""광고_7단15""]]"
110,1,7,7단15,"[[0, 1, 4, 5], [4, 1, 3, 4], [4, 5, 3, 3], [0, 6, 4, 4], [0, 10, 2, 5], [2, 10, 2, 5], [4, 8, 3, 7, ""광고_7단15""]]"
111,1,7,7단15,"[[0, 1, 4, 7], [4, 1, 3, 3], [4, 4, 3, 4], [0, 8, 4, 4], [0, 12, 4, 3], [4, 8, 3, 7, ""광고_7단15""]]"
112,1,7,7단15,"[[0, 1, 4, 7], [4, 1, 3, 7], [0, 8, 4, 4], [0, 12, 4, 3], [4, 8, 3, 7, ""광고_7단15""]]"
113,100,7,7단통,"[[0, 0, 4, 5], [4, 0, 3, 5], [0, 5, 4, 3], [4, 5, 3, 3], [0, 8, 7, 7, ""광고_7단통""]]"
114,101,7,7단통,"[[0, 0, 4, 5], [4, 0, 3, 5], [0, 5, 4, 3], [4, 5, 3, 3], [0, 8, 7, 7, ""광고_7단통""]]"
115,100,7,7단통,"[[0, 0, 5, 4], [5, 0, 2, 4], [0, 4, 5, 4], [5, 4, 2, 4], [0, 8, 7, 7, ""광고_7단통""]]"
116,101,7,7단통,"[[0, 0, 5, 4], [5, 0, 2, 4], [0, 4, 5, 4], [5, 4, 2, 4], [0, 8, 7, 7, ""광고_7단통""]]"
117,100,7,7단통,"[[0, 0, 5, 8], [5, 0, 2, 4], [5, 4, 2, 4], [0, 8, 7, 7, ""광고_7단통""]]"
118,101,7,7단통,"[[0, 0, 5, 8], [5, 0, 2, 4], [5, 4, 2, 4], [0, 8, 7, 7, ""광고_7단통""]]"
119,101,7,8단27_홀,"[[0, 0, 4, 7], [4, 0, 3, 7], [0, 7, 2, 8], [2, 7, 5, 8, ""광고_8단27_홀""]]"
120,100,7,8단27_짝,"[[0, 0, 4, 7], [4, 0, 3, 7], [5, 7, 2, 8], [0, 7, 5, 8, ""광고_8단27_짝""]]"
121,101,7,8단27_홀,"[[0, 0, 5, 7], [5, 0, 2, 7], [0, 7, 2, 8], [2, 7, 5, 8, ""광고_8단27_홀""]]"
122,100,7,8단27_짝,"[[0, 0, 5, 7], [5, 0, 2, 7], [5, 7, 2, 8], [0, 7, 5, 8, ""광고_8단27_짝""]]"
123,100,7,8단통,"[[0, 0, 4, 5], [4, 0, 3, 5], [0, 5, 4, 2], [4, 5, 3, 2], [0, 7, 7, 8, ""광고_8단통""]]"
124,101,7,8단통,"[[0, 0, 4, 5], [4, 0, 3, 5], [0, 5, 4, 2], [4, 5, 3, 2], [0, 7, 7, 8, ""광고_8단통""]]"
125,100,7,8단통,"[[0, 0, 4, 7], [4, 0, 3, 7], [0, 7, 7, 8, ""광고_8단통""]]"
126,101,7,8단통,"[[0, 0, 4, 7], [4, 0, 3, 7], [0, 7, 7, 8, ""광고_8단통""]]"
127,100,7,8단통,"[[0, 0, 5, 7], [5, 0, 2, 3], [5, 3, 2, 4], [0, 7, 7, 8, ""광고_8단통""]]"
128,101,7,8단통,"[[0, 0, 5, 7], [5, 0, 2, 3], [5, 3, 2, 4], [0, 7, 7, 8, ""광고_8단통""]]"
129,100,7,8단통,"[[0, 0, 5, 7], [5, 0, 2, 7], [0, 7, 7, 8, ""광고_8단통""]]"
130,101,7,8단통,"[[0, 0, 5, 7], [5, 0, 2, 7], [0, 7, 7, 8, ""광고_8단통""]]"
131,101,7,9단21_홀,"[[0, 0, 3, 15], [3, 0, 4, 6], [3, 6, 4, 9, ""광고_9단21_홀""]]"
132,100,7,9단21_짝,"[[0, 0, 4, 4], [4, 0, 3, 4], [0, 4, 4, 2], [4, 4, 3, 3], [4, 7, 3, 4], [4, 11, 3, 4], [0, 6, 4, 9, ""광고_9단21_짝""]]"
133,101,7,9단21_홀,"[[0, 0, 4, 6], [4, 0, 3, 4], [4, 4, 3, 2], [0, 6, 3, 3], [0, 9, 3, 4], [0, 13, 3, 2], [3, 6, 4, 9, ""광고_9단21_홀""]]"
134,100,7,9단21_짝,"[[0, 0, 4, 6], [4, 0, 3, 4], [4, 4, 3, 4], [4, 8, 3, 4], [4, 12, 3, 3], [0, 6, 4, 9, ""광고_9단21_짝""]]"
135,101,7,9단21_홀,"[[0, 0, 4, 6], [4, 0, 3, 6], [0, 6, 3, 9], [3, 6, 4, 9, ""광고_9단21_홀""]]"
136,100,7,9단21_짝,"[[0, 0, 4, 6], [4, 0, 3, 6], [4, 6, 3, 5], [4, 11, 3, 4], [0, 6, 4, 9, ""광고_9단21_짝""]]"
137,100,7,9단21_짝,"[[0, 0, 4, 6], [4, 0, 3, 6], [4, 6, 3, 9], [0, 6, 4, 9, ""광고_9단21_짝""]]"
138,101,7,9단21_홀,"[[0, 0, 5, 6], [5, 0, 2, 6], [0, 6, 3, 5], [0, 11, 3, 4], [3, 6, 4, 9, ""광고_9단21_홀""]]"
139,100,7,9단21_짝,"[[0, 0, 5, 6], [5, 0, 2, 6], [4, 6, 3, 5], [4, 11, 3, 4], [0, 6, 4, 9, ""광고_9단21_짝""]]"
140,101,7,9단21_홀,"[[0, 0, 5, 6], [5, 0, 2, 6], [0, 6, 3, 4], [0, 10, 3, 5], [3, 6, 4, 9, ""광고_9단21_홀""]]"
141,101,7,9단21_홀,"[[0, 0, 6, 6], [6, 0, 1, 6], [0, 6, 3, 3], [0, 9, 3, 3], [0, 12, 3, 3], [3, 6, 4, 9, ""광고_9단21_홀""]]"
142,100,7,9단21_짝,"[[0, 0, 6, 6], [6, 0, 1, 6], [4, 6, 3, 5], [4, 11, 3, 3], [4, 14, 3, 1], [0, 6, 4, 9, ""광고_9단21_짝""]]"
143,100,7,9단21_짝,"[[0, 0, 7, 15], [0, 6, 4, 9, ""광고_9단21_짝""]]"
144,101,7,9단21_홀,"[[0, 0, 7, 15], [3, 6, 4, 9, ""광고_9단21_홀""]]"
145,101,7,9단21_홀,"[[0, 0, 7, 6], [0, 6, 3, 4], [0, 10, 3, 5], [3, 6, 4, 9, ""광고_9단21_홀""]]"
146,101,7,9단21_홀,"[[0, 0, 7, 6], [0, 6, 3, 5], [0, 11, 3, 4], [3, 6, 4, 9, ""광고_9단21_홀""]]"
147,101,7,9단21_홀,"[[0, 0, 7, 6], [0, 6, 3, 9], [3, 6, 4, 9, ""광고_9단21_홀""]]"
148,100,7,9단21_짝,"[[0, 0, 7, 6], [4, 6, 3, 4], [4, 10, 3, 5], [0, 6, 4, 9, ""광고_9단21_짝""]]"
149,100,7,9단21_홀,"[[0, 0, 7, 6], [4, 6, 3, 5], [4, 11, 3, 4], [0, 6, 4, 9, ""광고_9단21_홀""]]"
150,100,7,9단21_홀,"[[0, 0, 7, 6], [4, 6, 3, 9], [0, 6, 4, 9, ""광고_9단21_홀""]]"
151,100,6,광고없음,"[[0, 0, 2, 3], [2, 0, 2, 3], [4, 0, 2, 3], [0, 3, 2, 3], [2, 3, 2, 3], [4, 3, 2, 3], [0, 6, 2, 3], [2, 6, 2, 3], [4, 6, 2, 3], [0, 9, 2, 3], [2, 9, 2, 3], [4, 9, 2, 3], [0, 12, 2, 3], [2, 12, 2, 3], [4, 12, 2, 3]]"
152,101,6,광고없음,"[[0, 0, 2, 3], [2, 0, 2, 3], [4, 0, 2, 3], [0, 3, 2, 3], [2, 3, 2, 3], [4, 3, 2, 3], [0, 6, 2, 3], [2, 6, 2, 3], [4, 6, 2, 3], [0, 9, 2, 3], [2, 9, 2, 3], [4, 9, 2, 3], [0, 12, 2, 3], [2, 12, 2, 3], [4, 12, 2, 3]]"
153,100,6,광고없음,"[[0, 0, 2, 4], [2, 0, 2, 4], [4, 0, 2, 4], [0, 4, 2, 4], [2, 4, 2, 4], [4, 4, 2, 4], [0, 8, 2, 4], [2, 8, 2, 4], [4, 8, 2, 4], [0, 12, 2, 3], [2, 12, 2, 3], [4, 12, 2, 3]]"
154,101,6,광고없음,"[[0, 0, 2, 4], [2, 0, 2, 4], [4, 0, 2, 4], [0, 4, 2, 4], [2, 4, 2, 4], [4, 4, 2, 4], [0, 8, 2, 4], [2, 8, 2, 4], [4, 8, 2, 4], [0, 12, 2, 3], [2, 12, 2, 3], [4, 12, 2, 3]]"
155,100,6,광고없음,"[[0, 0, 2, 5], [2, 0, 2, 5], [4, 0, 2, 5], [0, 5, 2, 5], [2, 5, 2, 5], [4, 5, 2, 5], [0, 10, 2, 5], [2, 10, 2, 5], [4, 10, 2, 5]]"
156,101,6,광고없음,"[[0, 0, 2, 5], [2, 0, 2, 5], [4, 0, 2, 5], [0, 5, 2, 5], [2, 5, 2, 5], [4, 5, 2, 5], [0, 10, 2, 5], [2, 10, 2, 5], [4, 10, 2, 5]]"
157,100,6,광고없음,"[[0, 0, 3, 4], [3, 0, 3, 4], [0, 4, 3, 4], [3, 4, 3, 4], [0, 8, 3, 4], [3, 8, 3, 4], [0, 12, 3, 3], [3, 12, 3, 3]]"
158,101,6,광고없음,"[[0, 0, 3, 4], [3, 0, 3, 4], [0, 4, 3, 4], [3, 4, 3, 4], [0, 8, 3, 4], [3, 8, 3, 4], [0, 12, 3, 3], [3, 12, 3, 3]]"
159,100,6,광고없음,"[[0, 0, 3, 5], [3, 0, 3, 5], [0, 5, 3, 5], [3, 5, 3, 5], [0, 10, 3, 5], [3, 10, 3, 5]]"
160,101,6,광고없음,"[[0, 0, 3, 5], [3, 0, 3, 5], [0, 5, 3, 5], [3, 5, 3, 5], [0, 10, 3, 5], [3, 10, 3, 5]]"
161,100,6,광고없음,"[[0, 0, 3, 7], [3, 0, 3, 7], [0, 7, 3, 4], [3, 7, 3, 4], [0, 11, 3, 4], [3, 11, 3, 4]]"
162,101,6,광고없음,"[[0, 0, 3, 7], [3, 0, 3, 7], [0, 7, 3, 4], [3, 7, 3, 4], [0, 11, 3, 4], [3, 11, 3, 4]]"
163,100,7,광고없음,"[[0, 0, 4, 4], [4, 0, 3, 5], [0, 4, 4, 4], [4, 5, 3, 3], [0, 8, 3, 7], [3, 8, 1, 4], [4, 8, 3, 4], [3, 12, 4, 3]]"
164,101,7,광고없음,"[[0, 0, 4, 4], [4, 0, 3, 5], [0, 4, 4, 4], [4, 5, 3, 3], [0, 8, 3, 7], [3, 8, 1, 4], [4, 8, 3, 4], [3, 12, 4, 3]]"
165,100,7,광고없음,"[[0, 0, 4, 5], [4, 0, 3, 3], [4, 3, 3, 6], [0, 5, 2, 4], [2, 5, 2, 4], [0, 9, 4, 6], [4, 9, 3, 6]]"
166,101,7,광고없음,"[[0, 0, 4, 5], [4, 0, 3, 3], [4, 3, 3, 6], [0, 5, 2, 4], [2, 5, 2, 4], [0, 9, 4, 6], [4, 9, 3, 6]]"
167,101,7,광고없음,"[[0, 0, 4, 5], [4, 0, 3, 5], [0, 5, 4, 3], [4, 5, 3, 3], [0, 8, 3, 7], [3, 8, 4, 3], [3, 11, 4, 4]]"
168,100,7,광고없음,"[[0, 0, 4, 5], [4, 0, 3, 5], [0, 5, 4, 5], [4, 5, 3, 3], [4, 8, 3, 7], [0, 10, 4, 5], [0, 12, 2, 3]]"
169,100,6,광고없음,"[[0, 0, 4, 6], [4, 0, 2, 5], [4, 5, 2, 4], [0, 6, 4, 4], [4, 9, 2, 4], [0, 10, 4, 3], [0, 13, 2, 2], [2, 13, 2, 2], [4, 13, 2, 2]]"
170,101,6,광고없음,"[[0, 0, 4, 6], [4, 0, 2, 5], [4, 5, 2, 4], [0, 6, 4, 4], [4, 9, 2, 4], [0, 10, 4, 3], [0, 13, 2, 2], [2, 13, 2, 2], [4, 13, 2, 2]]"
171,100,6,광고없음,"[[0, 0, 4, 6], [4, 0, 2, 6], [4, 5, 2, 4], [0, 6, 4, 5], [4, 9, 2, 3], [0, 11, 4, 4], [4, 12, 2, 3]]"
172,101,6,광고없음,"[[0, 0, 4, 6], [4, 0, 2, 6], [4, 5, 2, 4], [0, 6, 4, 5], [4, 9, 2, 3], [0, 11, 4, 4], [4, 12, 2, 3]]"
173,100,7,광고없음,"[[0, 0, 4, 6], [4, 0, 3, 4], [4, 4, 3, 4], [0, 6, 4, 5], [4, 8, 3, 4], [0, 11, 2, 4], [2, 11, 2, 4], [4, 12, 3, 3]]"
174,101,7,광고없음,"[[0, 0, 4, 6], [4, 0, 3, 4], [4, 4, 3, 4], [0, 6, 4, 5], [4, 8, 3, 4], [0, 11, 2, 4], [2, 11, 2, 4], [4, 12, 3, 3]]"
175,100,7,광고없음,"[[0, 0, 4, 6], [4, 0, 3, 4], [4, 4, 3, 4], [0, 6, 4, 5], [4, 8, 3, 4], [0, 11, 4, 4], [4, 12, 3, 3]]"
176,101,7,광고없음,"[[0, 0, 4, 6], [4, 0, 3, 4], [4, 4, 3, 4], [0, 6, 4, 5], [4, 8, 3, 4], [0, 11, 4, 4], [4, 12, 3, 3]]"
177,100,6,광고없음,"[[0, 0, 4, 7], [4, 0, 2, 6], [4, 5, 2, 4], [0, 7, 4, 5], [4, 9, 2, 3], [0, 12, 4, 3], [4, 12, 2, 3]]"
178,101,6,광고없음,"[[0, 0, 4, 7], [4, 0, 2, 6], [4, 5, 2, 4], [0, 7, 4, 5], [4, 9, 2, 3], [0, 12, 4, 3], [4, 12, 2, 3]]"
179,100,6,광고없음,"[[0, 0, 4, 8], [4, 0, 2, 3], [4, 3, 2, 3], [4, 6, 2, 3], [0, 8, 4, 4], [3, 8, 1, 7], [4, 9, 2, 3], [0, 12, 4, 3], [4, 12, 2, 3]]"
180,101,6,광고없음,"[[0, 0, 4, 8], [4, 0, 2, 3], [4, 3, 2, 3], [4, 6, 2, 3], [0, 8, 4, 4], [3, 8, 1, 7], [4, 9, 2, 3], [0, 12, 4, 3], [4, 12, 2, 3]]"
181,100,7,광고없음,"[[0, 0, 4, 8], [4, 0, 3, 5], [4, 5, 3, 4], [0, 8, 4, 3], [4, 9, 3, 3], [0, 11, 4, 4], [4, 12, 3, 3], [0, 13, 2, 2]]"
182,101,7,광고없음,"[[0, 0, 4, 8], [4, 0, 3, 5], [4, 5, 3, 4], [0, 8, 4, 3], [4, 9, 3, 3], [0, 11, 4, 4], [4, 12, 3, 3], [0, 13, 2, 2]]"
183,100,7,광고없음,"[[0, 0, 4, 9], [4, 0, 3, 5], [4, 5, 3, 4], [0, 9, 4, 4], [4, 9, 3, 2], [4, 11, 1, 4], [5, 11, 2, 4], [0, 13, 4, 2]]"
184,101,7,광고없음,"[[0, 0, 4, 9], [4, 0, 3, 5], [4, 5, 3, 4], [0, 9, 4, 4], [4, 9, 3, 2], [4, 11, 1, 4], [5, 11, 2, 4], [0, 13, 4, 2]]"
185,100,7,광고없음,"[[0, 0, 5, 5], [5, 0, 2, 3], [5, 3, 2, 3], [0, 5, 5, 4], [5, 6, 2, 3], [0, 9, 3, 6], [3, 9, 2, 6], [5, 9, 2, 3], [5, 12, 2, 3]]"
186,101,7,광고없음,"[[0, 0, 5, 5], [5, 0, 2, 3], [5, 3, 2, 3], [0, 5, 5, 4], [5, 6, 2, 3], [0, 9, 3, 6], [3, 9, 2, 6], [5, 9, 2, 3], [5, 12, 2, 3]]"
187,100,7,광고없음,"[[0, 0, 5, 5], [5, 0, 2, 3], [5, 3, 2, 5], [0, 5, 2, 5], [2, 5, 3, 4], [5, 8, 2, 3], [2, 9, 3, 6], [0, 10, 2, 3], [5, 11, 2, 4], [0, 13, 2, 2]]"
188,101,7,광고없음,"[[0, 0, 5, 5], [5, 0, 2, 3], [5, 3, 2, 5], [0, 5, 2, 5], [2, 5, 3, 4], [5, 8, 2, 3], [2, 9, 3, 6], [0, 10, 2, 3], [5, 11, 2, 4], [0, 13, 2, 2]]"
189,101,7,광고없음,"[[0, 0, 5, 5], [5, 0, 2, 5], [0, 5, 5, 4], [5, 5, 2, 4], [0, 9, 2, 6], [2, 9, 3, 6], [5, 9, 2, 4], [5, 13, 2, 2]]"
190,100,7,광고없음,"[[0, 0, 5, 5], [5, 0, 2, 6], [0, 5, 4, 4], [4, 5, 1, 4], [5, 6, 2, 5], [0, 9, 5, 3], [5, 11, 2, 4], [0, 12, 5, 3]]"
191,101,7,광고없음,"[[0, 0, 5, 5], [5, 0, 2, 6], [0, 5, 4, 4], [4, 5, 1, 4], [5, 6, 2, 5], [0, 9, 5, 3], [5, 11, 2, 4], [0, 12, 5, 3]]"
192,100,7,광고없음,"[[0, 0, 5, 5], [5, 0, 2, 7], [0, 5, 2, 5], [2, 5, 3, 5], [5, 7, 2, 6], [0, 10, 5, 3], [0, 13, 5, 2], [5, 13, 2, 2]]"
193,101,7,광고없음,"[[0, 0, 5, 5], [5, 0, 2, 7], [0, 5, 2, 5], [2, 5, 3, 5], [5, 7, 2, 6], [0, 10, 5, 3], [0, 13, 5, 2], [5, 13, 2, 2]]"
194,100,7,광고없음,"[[0, 0, 5, 6], [5, 0, 2, 6], [0, 6, 4, 4], [4, 6, 1, 7], [5, 6, 2, 9], [0, 10, 4, 3], [0, 13, 2, 2], [2, 13, 3, 2]]"
195,101,7,광고없음,"[[0, 0, 5, 6], [5, 0, 2, 6], [0, 6, 4, 4], [4, 6, 1, 7], [5, 6, 2, 9], [0, 10, 4, 3], [0, 13, 2, 2], [2, 13, 3, 2]]"
196,101,7,광고없음,"[[0, 0, 5, 6], [5, 0, 2, 9], [0, 6, 3, 6], [3, 6, 2, 5], [5, 9, 2, 4], [3, 11, 2, 4], [0, 12, 3, 3], [5, 13, 2, 2]]"
197,100,7,광고없음,"[[0, 0, 5, 7], [5, 0, 2, 7], [0, 7, 3, 8], [3, 7, 2, 4], [5, 7, 2, 4], [3, 11, 4, 4]]"
198,101,7,광고없음,"[[0, 0, 5, 7], [5, 0, 2, 7], [0, 7, 3, 8], [3, 7, 2, 4], [5, 7, 2, 4], [3, 11, 4, 4]]"
199,100,7,광고없음,"[[0, 0, 5, 7], [5, 0, 2, 7], [0, 7, 3, 8], [3, 7, 4, 3], [3, 10, 4, 3], [3, 13, 4, 2]]"
200,101,7,광고없음,"[[0, 0, 5, 7], [5, 0, 2, 7], [0, 7, 3, 8], [3, 7, 4, 3], [3, 10, 4, 3], [3, 13, 4, 2]]"
201,100,7,광고없음,"[[0, 0, 5, 7], [5, 0, 2, 7], [0, 7, 5, 4], [5, 7, 2, 4], [0, 11, 2, 4], [2, 11, 3, 4], [5, 11, 2, 4]]"
202,101,7,광고없음,"[[0, 0, 5, 7], [5, 0, 2, 7], [0, 7, 5, 4], [5, 7, 2, 4], [0, 11, 2, 4], [2, 11, 3, 4], [5, 11, 2, 4]]"
203,100,7,광고없음,"[[0, 0, 5, 7], [5, 0, 2, 7], [0, 7, 5, 4], [5, 7, 2, 4], [0, 11, 5, 2], [5, 11, 2, 4], [0, 13, 2, 2], [2, 13, 3, 2]]"
204,101,7,광고없음,"[[0, 0, 5, 7], [5, 0, 2, 7], [0, 7, 5, 4], [5, 7, 2, 4], [0, 11, 5, 2], [5, 11, 2, 4], [0, 13, 2, 2], [2, 13, 3, 2]]"
205,2,7,광고없음,"[[0, 0, 5, 7], [5, 0, 2, 7], [0, 7, 5, 5], [5, 7, 2, 4], [5, 11, 2, 4], [0, 12, 2, 3], [2, 12, 3, 3]]"
206,100,7,광고없음,"[[0, 0, 5, 7], [5, 0, 2, 7], [0, 7, 5, 5], [5, 7, 2, 4], [5, 11, 2, 4], [0, 12, 2, 3], [2, 12, 3, 3]]"
207,101,7,광고없음,"[[0, 0, 5, 7], [5, 0, 2, 7], [0, 7, 5, 5], [5, 7, 2, 4], [5, 11, 2, 4], [0, 12, 2, 3], [2, 12, 3, 3]]"
208,100,7,광고없음,"[[0, 0, 5, 7], [5, 0, 2, 8], [0, 7, 4, 3], [4, 7, 1, 6], [5, 8, 2, 4], [0, 10, 4, 3], [5, 12, 2, 3], [0, 13, 2, 2], [2, 13, 3, 2]]"
209,101,7,광고없음,"[[0, 0, 5, 7], [5, 0, 2, 8], [0, 7, 4, 3], [4, 7, 1, 6], [5, 8, 2, 4], [0, 10, 4, 3], [5, 12, 2, 3], [0, 13, 2, 2], [2, 13, 3, 2]]"
210,100,7,광고없음,"[[0, 0, 5, 8], [5, 0, 2, 4], [5, 4, 2, 5], [0, 8, 5, 4], [5, 9, 2, 6], [0, 12, 5, 3]]"
211,101,7,광고없음,"[[0, 0, 5, 8], [5, 0, 2, 4], [5, 4, 2, 5], [0, 8, 5, 4], [5, 9, 2, 6], [0, 12, 5, 3]]"
212,100,6,광고없음,"[[0, 0, 6, 10], [0, 10, 2, 5], [2, 10, 2, 5], [4, 10, 2, 3], [4, 13, 2, 2]]"
213,101,6,광고없음,"[[0, 0, 6, 10], [0, 10, 2, 5], [2, 10, 2, 5], [4, 10, 2, 3], [4, 13, 2, 2]]"
214,100,6,광고없음,"[[0, 0, 6, 4], [0, 4, 1, 7], [1, 4, 5, 7], [0, 11, 1, 4], [1, 11, 5, 4]]"
215,100,6,광고없음,"[[0, 0, 6, 5], [0, 5, 1, 5], [1, 5, 2, 5], [3, 5, 3, 5], [0, 10, 3, 5], [3, 10, 3, 5]]"
216,101,6,광고없음,"[[0, 0, 6, 5], [0, 5, 1, 5], [1, 5, 2, 5], [3, 5, 3, 5], [0, 10, 3, 5], [3, 10, 3, 5]]"
217,100,6,광고없음,"[[0, 0, 6, 5], [0, 5, 3, 5], [3, 5, 3, 5], [0, 10, 2, 3], [2, 10, 2, 5], [4, 10, 2, 5], [0, 13, 2, 2]]"
218,101,6,광고없음,"[[0, 0, 6, 5], [0, 5, 3, 5], [3, 5, 3, 5], [0, 10, 2, 3], [2, 10, 2, 5], [4, 10, 2, 5], [0, 13, 2, 2]]"
219,100,6,광고없음,"[[0, 0, 6, 5], [0, 5, 4, 5], [4, 5, 2, 5], [0, 10, 1, 5], [1, 10, 3, 5], [4, 10, 2, 5], [4, 13, 2, 2]]"
220,101,6,광고없음,"[[0, 0, 6, 5], [0, 5, 4, 5], [4, 5, 2, 5], [0, 10, 1, 5], [1, 10, 3, 5], [4, 10, 2, 5], [4, 13, 2, 2]]"
221,100,7,광고없음,"[[0, 0, 6, 8], [6, 0, 1, 6], [6, 6, 1, 5], [0, 8, 2, 4], [2, 8, 4, 4], [6, 11, 1, 4], [0, 12, 2, 3], [2, 12, 4, 3]]"
222,101,7,광고없음,"[[0, 0, 6, 8], [6, 0, 1, 6], [6, 6, 1, 5], [0, 8, 2, 4], [2, 8, 4, 4], [6, 11, 1, 4], [0, 12, 2, 3], [2, 12, 4, 3]]"
223,100,7,광고없음,"[[0, 0, 7, 10], [0, 10, 2, 5], [2, 10, 2, 5], [4, 10, 3, 5], [0, 13, 2, 2], [4, 13, 3, 2]]"
224,101,7,광고없음,"[[0, 0, 7, 10], [0, 10, 2, 5], [2, 10, 2, 5], [4, 10, 3, 5], [0, 13, 2, 2], [4, 13, 3, 2]]"
225,100,7,광고없음,"[[0, 0, 7, 2], [0, 2, 4, 4], [4, 2, 3, 4], [0, 6, 4, 6], [4, 6, 3, 3], [4, 9, 3, 3], [0, 12, 4, 3], [4, 12, 3, 3]]"
226,101,7,광고없음,"[[0, 0, 7, 2], [0, 2, 4, 4], [4, 2, 3, 4], [0, 6, 4, 6], [4, 6, 3, 3], [4, 9, 3, 3], [0, 12, 4, 3], [4, 12, 3, 3]]"
227,100,7,광고없음,"[[0, 0, 7, 2], [0, 2, 4, 5], [4, 2, 3, 5], [0, 7, 2, 5], [2, 7, 2, 5], [4, 7, 3, 5], [0, 12, 4, 3], [4, 12, 3, 3]]"
228,101,7,광고없음,"[[0, 0, 7, 2], [0, 2, 4, 5], [4, 2, 3, 5], [0, 7, 2, 5], [2, 7, 2, 5], [4, 7, 3, 5], [0, 12, 4, 3], [4, 12, 3, 3]]"
229,100,7,광고없음,"[[0, 0, 7, 2], [0, 2, 4, 6], [4, 2, 3, 6], [0, 8, 4, 3], [4, 8, 3, 3], [0, 11, 2, 4], [2, 11, 2, 4], [4, 11, 3, 4]]"
230,101,7,광고없음,"[[0, 0, 7, 2], [0, 2, 4, 6], [4, 2, 3, 6], [0, 8, 4, 3], [4, 8, 3, 3], [0, 11, 2, 4], [2, 11, 2, 4], [4, 11, 3, 4]]"
231,100,7,광고없음,"[[0, 0, 7, 2], [0, 2, 4, 7], [4, 2, 3, 4], [4, 6, 3, 6], [0, 9, 4, 6], [4, 12, 3, 3]]"
232,101,7,광고없음,"[[0, 0, 7, 2], [0, 2, 4, 7], [4, 2, 3, 4], [4, 6, 3, 6], [0, 9, 4, 6], [4, 12, 3, 3]]"
233,100,7,광고없음,"[[0, 0, 7, 4], [0, 4, 4, 3], [4, 4, 3, 4], [0, 7, 4, 3], [4, 8, 3, 3], [0, 10, 3, 5], [3, 10, 1, 5], [4, 11, 3, 4], [0, 13, 2, 2]]"
234,101,7,광고없음,"[[0, 0, 7, 4], [0, 4, 4, 3], [4, 4, 3, 4], [0, 7, 4, 3], [4, 8, 3, 3], [0, 10, 3, 5], [3, 10, 1, 5], [4, 11, 3, 4], [0, 13, 2, 2]]"
235,100,7,광고없음,"[[0, 0, 7, 7], [0, 7, 4, 8], [4, 7, 3, 8]]"
236,101,7,광고없음,"[[0, 0, 7, 7], [0, 7, 4, 8], [4, 7, 3, 8]]"
237,2,7,광고없음,"[[0, 0, 7, 8], [0, 8, 3, 4], [3, 8, 2, 4], [5, 8, 2, 4], [0, 12, 2, 3], [2, 12, 3, 3], [5, 12, 2, 3]]"
238,100,7,광고없음,"[[0, 0, 7, 8], [0, 8, 3, 4], [3, 8, 2, 4], [5, 8, 2, 4], [0, 12, 2, 3], [2, 12, 3, 3], [5, 12, 2, 3]]"
239,1,6,광고없음,"[[0, 1, 4, 6], [4, 1, 2, 9], [0, 7, 4, 3], [0, 10, 6, 5]]"
240,100,7,광고없음,"[[0, 0, 5, 5], [5, 0, 2, 5], [0, 5, 5, 4], [5, 5, 2, 4], [0, 9, 2, 6], [2, 9, 3, 6], [5, 9, 2, 4], [5, 13, 2, 2]]"
241,1,7,5단통,"[[0, 1, 7, 9], [0, 10, 7, 5, ""광고_5단통""]]"
242,1,6,5단통,"[[0, 1, 6, 9], [0, 10, 6, 5, ""광고_5단통""]]"
243,100,7,5단통,"[[0, 0, 7, 10], [5, 5, 2, 5], [0, 10, 7, 5, ""광고_5단통""]]"
244,21,7,광고없음,"[[0, 0, 5, 6], [5, 0, 2, 10], [0, 6, 5, 3], [0, 9, 5, 3], [5, 10, 2, 5], [0, 12, 5, 3]]"
245,20,7,5단통,"[[0, 0, 5, 7], [5, 0, 2, 5], [5, 5, 2, 5], [0, 7, 5, 3], [0, 10, 7, 5, ""광고_5단통""]]"
246,101,7,5단통,"[[0, 0, 4, 5], [4, 0, 3, 7], [0, 5, 2, 5], [2, 5, 2, 5], [4, 7, 3, 3], [0, 10, 7, 5, ""광고_5단통""]]"
247,100,7,5단통,"[[0, 0, 4, 5], [4, 0, 3, 7], [0, 5, 2, 5], [2, 5, 2, 5], [4, 7, 3, 3], [0, 10, 7, 5, ""광고_5단통""]]"
